Workbook

Sheet Invoices
A1: Tax Invoice
A2: Vendor Name | B2: UK ADVERTISERS
A3: Vendor Address | B3: BJP Office Complex, JewelRock Road, Durgigudi, Shivamogga 577201 | H3: Bank A/c Details
A4: Mobile Number | B4: 9448638133 | C4: GSTIN | D4: 29AAGPU77081ZP | F4: Tax Payable Under Reverse Charge | G4: No | H4: A/C No | I4: 21430200000004
A5: Email | B5: ukadsmg@gmail.com | C5: PAN No | D5: AAGPU7708P | H5: IFSC | I5: UCB0002143
A7: Invoice No | B7: Invoice Date | C7: PO NO | D7: Customer Name | E7: Customer Address | F7: Customer GSTIN | G7: Place of Supply | H7: Total Taxable Value | I7: Total CGST | J7: Total SGST | K7: Total IGST | L7: Grand Total | M7: Amount Chargeable in Words | N7: Payment Status | O7: Notes
A8: 007/2022-23 | B8: 44319 | D8: SAHYADRI NARAYANA MULTI SPECIALITY HOSPITAL | E8: N T ROAD, HARKERE Shivamogga 577202 | F8: 29AABCN1685J1Z4 | G8: Shivamogga, KA | H8: =SUMIF('Invoice Items'!A:A, A8, 'Invoice Items'!G:G) -> 120000 | I8: =SUMIF('Invoice Items'!A:A, A8, 'Invoice Items'!I:I) -> 10800 | J8: =SUMIF('Invoice Items'!A:A, A8, 'Invoice Items'!K:K) -> 10800 | K8: =SUMIF('Invoice Items'!A:A, A8, 'Invoice Items'!M:M) -> 0 | L8: =H8+I8+J8+K8 -> 141600 | N8: Pending
A9: 001/2026-27 | B9: 46106 | D9: SAHYADRI NARAYANA MULTI SPECIALITY HOSPITAL | E9: N T ROAD, HARKERE Shivamogga 577202 | F9: 29AABCN1685J1Z4 | G9: Shivamogga, KA | H9: =SUMIF('Invoice Items'!A:A, A9, 'Invoice Items'!G:G) -> 45000 | I9: =SUMIF('Invoice Items'!A:A, A9, 'Invoice Items'!I:I) -> 4050 | J9: =SUMIF('Invoice Items'!A:A, A9, 'Invoice Items'!K:K) -> 4050 | K9: =SUMIF('Invoice Items'!A:A, A9, 'Invoice Items'!M:M) -> 0 | L9: =H9+I9+J9+K9 -> 53100 | N9: Paid
H10: =SUMIF('Invoice Items'!A:A, A10, 'Invoice Items'!G:G) -> 0 | I10: =SUMIF('Invoice Items'!A:A, A10, 'Invoice Items'!I:I) -> 0 | J10: =SUMIF('Invoice Items'!A:A, A10, 'Invoice Items'!K:K) -> 0 | K10: =SUMIF('Invoice Items'!A:A, A10, 'Invoice Items'!M:M) -> 0 | L10: =H10+I10+J10+K10 -> 0
H11: =SUMIF('Invoice Items'!A:A, A11, 'Invoice Items'!G:G) -> 0 | I11: =SUMIF('Invoice Items'!A:A, A11, 'Invoice Items'!I:I) -> 0 | J11: =SUMIF('Invoice Items'!A:A, A11, 'Invoice Items'!K:K) -> 0 | K11: =SUMIF('Invoice Items'!A:A, A11, 'Invoice Items'!M:M) -> 0 | L11: =H11+I11+J11+K11 -> 0
H12: =SUMIF('Invoice Items'!A:A, A12, 'Invoice Items'!G:G) -> 0 | I12: =SUMIF('Invoice Items'!A:A, A12, 'Invoice Items'!I:I) -> 0 | J12: =SUMIF('Invoice Items'!A:A, A12, 'Invoice Items'!K:K) -> 0 | K12: =SUMIF('Invoice Items'!A:A, A12, 'Invoice Items'!M:M) -> 0 | L12: =H12+I12+J12+K12 -> 0
H13: =SUMIF('Invoice Items'!A:A, A13, 'Invoice Items'!G:G) -> 0 | I13: =SUMIF('Invoice Items'!A:A, A13, 'Invoice Items'!I:I) -> 0 | J13: =SUMIF('Invoice Items'!A:A, A13, 'Invoice Items'!K:K) -> 0 | K13: =SUMIF('Invoice Items'!A:A, A13, 'Invoice Items'!M:M) -> 0 | L13: =H13+I13+J13+K13 -> 0
H14: =SUMIF('Invoice Items'!A:A, A14, 'Invoice Items'!G:G) -> 0 | I14: =SUMIF('Invoice Items'!A:A, A14, 'Invoice Items'!I:I) -> 0 | J14: =SUMIF('Invoice Items'!A:A, A14, 'Invoice Items'!K:K) -> 0 | K14: =SUMIF('Invoice Items'!A:A, A14, 'Invoice Items'!M:M) -> 0 | L14: =H14+I14+J14+K14 -> 0
H15: =SUMIF('Invoice Items'!A:A, A15, 'Invoice Items'!G:G) -> 0 | I15: =SUMIF('Invoice Items'!A:A, A15, 'Invoice Items'!I:I) -> 0 | J15: =SUMIF('Invoice Items'!A:A, A15, 'Invoice Items'!K:K) -> 0 | K15: =SUMIF('Invoice Items'!A:A, A15, 'Invoice Items'!M:M) -> 0 | L15: =H15+I15+J15+K15 -> 0
H16: =SUMIF('Invoice Items'!A:A, A16, 'Invoice Items'!G:G) -> 0 | I16: =SUMIF('Invoice Items'!A:A, A16, 'Invoice Items'!I:I) -> 0 | J16: =SUMIF('Invoice Items'!A:A, A16, 'Invoice Items'!K:K) -> 0 | K16: =SUMIF('Invoice Items'!A:A, A16, 'Invoice Items'!M:M) -> 0 | L16: =H16+I16+J16+K16 -> 0
H17: =SUMIF('Invoice Items'!A:A, A17, 'Invoice Items'!G:G) -> 0 | I17: =SUMIF('Invoice Items'!A:A, A17, 'Invoice Items'!I:I) -> 0 | J17: =SUMIF('Invoice Items'!A:A, A17, 'Invoice Items'!K:K) -> 0 | K17: =SUMIF('Invoice Items'!A:A, A17, 'Invoice Items'!M:M) -> 0 | L17: =H17+I17+J17+K17 -> 0
H18: =SUMIF('Invoice Items'!A:A, A18, 'Invoice Items'!G:G) -> 0 | I18: =SUMIF('Invoice Items'!A:A, A18, 'Invoice Items'!I:I) -> 0 | J18: =SUMIF('Invoice Items'!A:A, A18, 'Invoice Items'!K:K) -> 0 | K18: =SUMIF('Invoice Items'!A:A, A18, 'Invoice Items'!M:M) -> 0 | L18: =H18+I18+J18+K18 -> 0
H19: =SUMIF('Invoice Items'!A:A, A19, 'Invoice Items'!G:G) -> 0 | I19: =SUMIF('Invoice Items'!A:A, A19, 'Invoice Items'!I:I) -> 0 | J19: =SUMIF('Invoice Items'!A:A, A19, 'Invoice Items'!K:K) -> 0 | K19: =SUMIF('Invoice Items'!A:A, A19, 'Invoice Items'!M:M) -> 0 | L19: =H19+I19+J19+K19 -> 0
H20: =SUMIF('Invoice Items'!A:A, A20, 'Invoice Items'!G:G) -> 0 | I20: =SUMIF('Invoice Items'!A:A, A20, 'Invoice Items'!I:I) -> 0 | J20: =SUMIF('Invoice Items'!A:A, A20, 'Invoice Items'!K:K) -> 0 | K20: =SUMIF('Invoice Items'!A:A, A20, 'Invoice Items'!M:M) -> 0 | L20: =H20+I20+J20+K20 -> 0
H21: =SUMIF('Invoice Items'!A:A, A21, 'Invoice Items'!G:G) -> 0 | I21: =SUMIF('Invoice Items'!A:A, A21, 'Invoice Items'!I:I) -> 0 | J21: =SUMIF('Invoice Items'!A:A, A21, 'Invoice Items'!K:K) -> 0 | K21: =SUMIF('Invoice Items'!A:A, A21, 'Invoice Items'!M:M) -> 0 | L21: =H21+I21+J21+K21 -> 0
... H85: =SUMIF('Invoice Items'!A:A, A85, 'Invoice Items'!G:G) -> 0 | I85: =SUMIF('Invoice Items'!A:A, A85, 'Invoice Items'!I:I) -> 0 | J85: =SUMIF('Invoice Items'!A:A, A85, 'Invoice Items'!K:K) -> 0 | K85: =SUMIF('Invoice Items'!A:A, A85, 'Invoice Items'!M:M) -> 0 | L85: =H85+I85+J85+K85 -> 0

Sheet Invoice Items
A1: Invoice No | B1: Description | C1: HSN/SAC Code | D1: Units | E1: Quantity | F1: Rate | G1: Taxable Value | H1: CGST (%) | I1: CGST Amount | J1: SGST (%) | K1: SGST Amount | L1: IGST (%) | M1: IGST Amount
A2: 007/2022-23 | B2: 39 CENTER MEDIAN BOARDS ONE MONTH DISPLAY CHARGES (32 LIT AND 7 NONLIT BOARDS) | C2: 998361 | D2: 1 | E2: 39 | F2: 40000 | G2: =D2*F2 -> 40000 | H2: 9 | I2: =G2*H2/100 -> 3600 | J2: 9 | K2: =G2*J2/100 -> 3600 | L2: 0 | M2: =G2*L2/100 -> 0
A3: 007/2022-23 | B3: 46 CENTER MEDIAN BOARDS ONE MONTH DISPLAY CHARGES (47 LIT AND 6 NONLIT BOARDS) | C3: 998361 | D3: 2 | E3: 39 | F3: 40000 | G3: =D3*F3 -> 80000 | H3: 9 | I3: =G3*H3/100 -> 7200 | J3: 9 | K3: =G3*J3/100 -> 7200 | L3: 0 | M3: =G3*L3/100 -> 0
A4: 001/2026-27 | B4: 39 CENTER MEDIAN BOARDS ONE MONTH DISPLAY CHARGES (32 LIT AND 7 NONLIT BOARDS) | C4: 998361 | D4: 1 | E4: 39 | F4: 45000 | G4: =D4*F4 -> 45000 | H4: 9 | I4: =G4*H4/100 -> 4050 | J4: 9 | K4: =G4*J4/100 -> 4050 | L4: 0 | M4: =G4*L4/100 -> 0
G5: =D5*F5 -> 0 | I5: =G5*H5/100 -> 0 | K5: =G5*J5/100 -> 0 | M5: =G5*L5/100 -> 0
G6: =D6*F6 -> 0 | I6: =G6*H6/100 -> 0 | K6: =G6*J6/100 -> 0 | M6: =G6*L6/100 -> 0
G7: =D7*F7 -> 0 | I7: =G7*H7/100 -> 0 | K7: =G7*J7/100 -> 0 | M7: =G7*L7/100 -> 0
G8: =D8*F8 -> 0 | I8: =G8*H8/100 -> 0 | K8: =G8*J8/100 -> 0 | M8: =G8*L8/100 -> 0
G9: =D9*F9 -> 0 | I9: =G9*H9/100 -> 0 | K9: =G9*J9/100 -> 0 | M9: =G9*L9/100 -> 0
G10: =D10*F10 -> 0 | I10: =G10*H10/100 -> 0 | K10: =G10*J10/100 -> 0 | M10: =G10*L10/100 -> 0
G11: =D11*F11 -> 0 | I11: =G11*H11/100 -> 0 | K11: =G11*J11/100 -> 0 | M11: =G11*L11/100 -> 0
G12: =D12*F12 -> 0 | I12: =G12*H12/100 -> 0 | K12: =G12*J12/100 -> 0 | M12: =G12*L12/100 -> 0
G13: =D13*F13 -> 0 | I13: =G13*H13/100 -> 0 | K13: =G13*J13/100 -> 0 | M13: =G13*L13/100 -> 0
G14: =D14*F14 -> 0 | I14: =G14*H14/100 -> 0 | K14: =G14*J14/100 -> 0 | M14: =G14*L14/100 -> 0
G15: =D15*F15 -> 0 | I15: =G15*H15/100 -> 0 | K15: =G15*J15/100 -> 0 | M15: =G15*L15/100 -> 0
G16: =D16*F16 -> 0 | I16: =G16*H16/100 -> 0 | K16: =G16*J16/100 -> 0 | M16: =G16*L16/100 -> 0
... G1001: =D1001*F1001 -> 0 | I1001: =G1001*H1001/100 -> 0 | K1001: =G1001*J1001/100 -> 0 | M1001: =G1001*L1001/100 -> 0
